cart_id,customer_id,order_date,status,shipping_address,payment_method_id
1,31,2022-08-08,Delivered,0222 Bayside Avenue,3
2,512,2019-09-09,Delivered,042 Oneill Pass,10
3,164,2022-12-01,Pending,311 Fair Oaks Center,6
4,181,2019-08-20,Shipped,5181 Kipling Way,10
5,756,2020-03-27,Delivered,6 Hintze Crossing,8
6,253,2021-02-07,Pending,788 Gateway Terrace,2
7,20,2019-06-29,Delivered,67 Dennis Park,10
8,299,2021-02-16,Pending,64690 Melvin Parkway,6
9,188,2022-01-22,Delivered,25 Paget Park,3
10,465,2023-09-02,Shipped,863 Sunfield Hill,8
11,789,2021-03-27,Pending,9497 Ludington Parkway,6
12,801,2022-09-17,Pending,77139 Onsgard Lane,2
13,978,2021-03-06,Delivered,55 Monument Avenue,5
14,192,2021-12-28,Pending,4 Towne Road,10
15,570,2018-06-06,Shipped,95 Northfield Parkway,1
16,632,2021-10-03,Pending,487 Dovetail Hill,7
17,927,2020-05-20,Delivered,208 Glacier Hill Terrace,2
18,498,2023-11-07,Pending,803 Bonner Way,1
19,464,2020-01-23,Shipped,24 Nancy Trail,7
20,125,2022-01-29,Pending,97042 Harbort Drive,3
21,571,2022-10-09,Shipped,134 Sachtjen Park,9
22,17,2018-04-05,Pending,78229 Southridge Court,10
23,770,2020-04-26,Pending,274 Golf Course Place,4
24,682,2021-02-02,Shipped,1162 Twin Pines Alley,4
25,192,2022-05-13,Pending,74635 Oxford Court,9
26,759,2019-05-04,Pending,81776 Texas Trail,2
27,701,2021-11-15,Pending,1 Maywood Terrace,2
28,289,2020-06-14,Shipped,950 Tennessee Trail,8
29,735,2023-09-26,Delivered,13 Maple Wood Place,3
30,402,2021-03-31,Shipped,062 West Point,4
31,155,2023-02-04,Shipped,6269 6th Way,4
32,106,2019-03-20,Pending,42 Daystar Park,9
33,840,2018-08-11,Delivered,407 Commercial Street,4
34,638,2021-10-08,Pending,447 Maryland Alley,7
35,641,2022-11-21,Delivered,54 Lakewood Court,5
36,371,2020-11-21,Delivered,0154 Barnett Terrace,7
37,443,2021-12-01,Shipped,1 Magdeline Park,3
38,199,2021-06-20,Shipped,92 Marquette Junction,9
39,822,2018-07-24,Shipped,07 Village Terrace,5
40,92,2022-04-16,Delivered,60607 Northland Court,7
41,539,2020-02-24,Shipped,384 Reindahl Center,4
42,478,2020-07-05,Shipped,29965 Sunfield Court,9
43,130,2018-02-24,Delivered,75912 Vahlen Crossing,9
44,866,2020-04-22,Delivered,03 Moland Parkway,5
45,761,2021-05-10,Shipped,662 Dwight Crossing,8
46,376,2021-07-09,Pending,02 Sachs Plaza,5
47,792,2019-06-12,Delivered,722 Ridgeview Drive,5
48,170,2020-08-01,Shipped,20 Grover Pass,4
49,441,2022-03-25,Shipped,7658 Dorton Circle,5
50,385,2020-11-25,Delivered,55862 Packers Street,6
51,933,2020-07-18,Pending,9 Sommers Pass,3
52,497,2021-07-30,Pending,434 Harbort Parkway,7
53,275,2023-03-02,Shipped,75 Surrey Road,2
54,193,2019-12-13,Shipped,39667 Mccormick Avenue,6
55,323,2023-06-18,Pending,2770 Atwood Avenue,1
56,62,2018-05-18,Delivered,052 Esch Drive,5
57,194,2019-08-15,Delivered,2615 Hintze Avenue,4
58,525,2022-04-25,Delivered,5 Shasta Terrace,10
59,102,2022-03-09,Shipped,32765 Calypso Center,4
60,716,2022-03-23,Shipped,0 Aberg Court,8
61,444,2021-11-24,Pending,50 Bunting Drive,6
62,597,2019-04-03,Shipped,64 Schlimgen Avenue,6
63,332,2022-01-31,Delivered,81 Pearson Hill,9
64,344,2018-08-31,Pending,8 Montana Parkway,10
65,64,2021-02-27,Shipped,84 Russell Plaza,7
66,828,2020-11-14,Pending,0 Clemons Pass,2
67,430,2023-09-20,Pending,37428 Pawling Circle,2
68,815,2023-02-20,Pending,796 Miller Lane,7
69,235,2019-01-18,Shipped,258 Kensington Plaza,10
70,483,2022-06-04,Delivered,194 Coleman Court,7
71,363,2022-01-03,Shipped,7284 Redwing Place,7
72,764,2021-01-24,Delivered,49000 Donald Terrace,9
73,22,2019-04-14,Pending,0 Melrose Pass,10
74,309,2020-05-17,Delivered,9368 Beilfuss Junction,9
75,178,2023-08-10,Pending,9 Butterfield Road,5
76,201,2023-12-25,Pending,6322 Division Place,4
77,894,2021-11-11,Shipped,9 Riverside Way,7
78,571,2023-04-26,Pending,984 Talmadge Center,4
79,20,2019-07-04,Shipped,40087 Waubesa Hill,7
80,276,2018-11-21,Shipped,46 Acker Street,8
81,643,2021-05-17,Pending,1 Gale Junction,3
82,799,2019-06-07,Pending,6190 Clove Junction,3
83,432,2020-09-19,Delivered,8 Dwight Center,9
84,390,2021-08-09,Pending,919 Petterle Crossing,2
85,939,2021-07-27,Shipped,641 Gerald Park,8
86,105,2021-09-09,Pending,28358 Cardinal Parkway,7
87,960,2023-06-22,Pending,60 Jackson Way,3
88,810,2020-02-12,Pending,631 Village Lane,7
89,766,2021-02-12,Delivered,69864 Acker Way,5
90,694,2019-04-12,Pending,8423 7th Place,4
91,803,2022-12-27,Pending,63 Northwestern Drive,6
92,448,2018-06-16,Pending,27732 Warrior Pass,3
93,3,2018-05-05,Delivered,58 Superior Terrace,2
94,534,2020-11-12,Shipped,23156 Melrose Court,8
95,897,2018-11-01,Delivered,2 Tony Lane,9
96,669,2020-11-03,Pending,6 Northview Park,6
97,703,2023-07-28,Delivered,16 Farmco Parkway,6
98,676,2018-09-30,Shipped,1 Killdeer Alley,7
99,360,2020-09-08,Pending,365 Kim Center,1
100,326,2021-01-25,Shipped,73 Tennyson Parkway,9
101,277,2020-08-18,Pending,0 Killdeer Center,6
102,768,2020-06-30,Delivered,9639 Londonderry Junction,10
103,411,2019-06-04,Delivered,8389 Barby Drive,10
104,25,2020-11-07,Delivered,180 Sherman Crossing,2
105,138,2018-11-07,Pending,62 4th Pass,2
106,328,2019-04-17,Pending,0 Sachs Hill,2
107,195,2023-02-14,Delivered,77459 Rusk Park,3
108,735,2019-08-29,Shipped,7612 Sutherland Point,7
109,701,2020-11-21,Shipped,423 1st Road,8
110,564,2018-01-29,Shipped,7454 Sunfield Alley,1
111,219,2020-01-06,Pending,68 Welch Avenue,8
112,316,2018-12-11,Delivered,05298 Morning Pass,1
113,266,2018-08-30,Pending,71814 Comanche Alley,3
114,864,2021-08-02,Delivered,98027 Monterey Junction,9
115,360,2023-10-25,Delivered,0 Barnett Trail,7
116,54,2020-07-21,Delivered,3 Rieder Place,4
117,171,2019-01-31,Pending,3 Pearson Drive,5
118,1000,2019-05-11,Shipped,18 Lillian Junction,8
119,859,2022-10-06,Shipped,61 Clyde Gallagher Crossing,3
120,624,2023-10-31,Delivered,63134 Golf Trail,2
121,5,2021-07-24,Delivered,28232 Northport Way,4
122,194,2020-04-20,Delivered,118 Burning Wood Circle,4
123,355,2021-02-21,Delivered,04619 Hooker Drive,8
124,620,2018-04-21,Delivered,11590 Farwell Lane,6
125,970,2018-12-05,Delivered,01 Mockingbird Place,8
126,475,2018-01-28,Pending,982 Scoville Crossing,9
127,53,2022-03-30,Pending,6 Crownhardt Avenue,9
128,986,2021-01-01,Pending,6 Cody Junction,9
129,496,2023-01-19,Delivered,99 Corben Plaza,9
130,926,2018-11-01,Shipped,7033 Hoffman Park,10
131,575,2023-07-25,Shipped,753 Randy Circle,2
132,279,2023-07-05,Delivered,9 Huxley Parkway,4
133,63,2022-08-30,Shipped,72 Brown Center,1
134,958,2019-07-18,Shipped,77344 Dottie Pass,9
135,239,2023-01-24,Delivered,85 Transport Circle,1
136,17,2020-06-12,Pending,2543 Spohn Pass,8
137,371,2019-08-30,Shipped,08 Onsgard Point,3
138,660,2018-05-12,Delivered,76562 Fremont Street,8
139,608,2022-11-17,Delivered,103 Fair Oaks Point,7
140,323,2020-04-09,Delivered,5889 Shoshone Lane,8
141,918,2019-06-25,Pending,585 Crest Line Junction,9
142,417,2022-05-14,Shipped,64206 Village Green Road,9
143,650,2020-02-02,Pending,43 Lake View Circle,2
144,246,2021-10-27,Delivered,0 Summit Junction,5
145,993,2020-12-30,Pending,9 Farwell Center,2
146,172,2023-02-25,Shipped,6553 Westend Center,7
147,700,2023-10-26,Shipped,4078 Alpine Center,6
148,982,2019-08-09,Delivered,430 Westport Parkway,4
149,370,2020-12-06,Pending,53878 Warrior Junction,1
150,913,2021-07-23,Pending,90336 Spaight Hill,9
151,88,2022-01-05,Shipped,5 Bellgrove Center,6
152,274,2019-03-12,Shipped,62951 Del Mar Plaza,8
153,925,2019-06-24,Shipped,06145 Emmet Way,6
154,435,2018-12-26,Pending,87806 Moulton Street,7
155,893,2022-08-01,Shipped,85 Pepper Wood Avenue,4
156,229,2021-08-16,Pending,4 Melrose Drive,6
157,257,2019-09-10,Pending,56 Sunnyside Terrace,3
158,345,2023-09-03,Pending,51007 Barnett Terrace,1
159,685,2020-04-06,Pending,12 Meadow Ridge Plaza,9
160,728,2022-03-04,Pending,697 Ronald Regan Road,10
161,840,2022-04-05,Delivered,45028 4th Trail,5
162,151,2022-06-01,Pending,3201 Milwaukee Parkway,2
163,736,2018-10-19,Pending,2 Clyde Gallagher Hill,7
164,243,2018-11-25,Pending,53780 Reinke Circle,5
165,290,2018-04-04,Delivered,2 Banding Crossing,5
166,426,2021-01-04,Pending,9817 Pine View Center,3
167,97,2023-11-28,Shipped,440 Chinook Drive,8
168,344,2018-08-30,Pending,55535 Westridge Plaza,4
169,389,2021-05-10,Shipped,2 Nancy Park,1
170,398,2020-12-01,Delivered,62 Lerdahl Terrace,7
171,645,2023-07-07,Delivered,9092 New Castle Park,5
172,571,2023-09-04,Delivered,35339 Waywood Hill,6
173,257,2021-04-02,Shipped,3 Luster Circle,3
174,215,2022-03-13,Delivered,316 Prairieview Park,7
175,20,2018-04-16,Pending,32 Schlimgen Alley,3
176,510,2019-06-11,Delivered,55 Cherokee Drive,5
177,762,2023-03-06,Pending,6 Autumn Leaf Terrace,3
178,415,2019-12-02,Delivered,28403 Porter Trail,5
179,986,2019-01-24,Shipped,41 Straubel Terrace,1
180,506,2021-01-28,Shipped,2670 Eastwood Drive,10
181,138,2020-06-03,Delivered,3030 Derek Parkway,1
182,22,2023-05-23,Shipped,7 Heath Road,3
183,654,2019-12-18,Delivered,7 Browning Hill,1
184,753,2019-07-07,Delivered,21 Messerschmidt Court,6
185,383,2020-09-17,Delivered,88 Golf Course Alley,6
186,719,2020-09-12,Shipped,9027 Continental Alley,3
187,399,2023-03-19,Delivered,709 Norway Maple Avenue,10
188,931,2019-05-22,Shipped,30 Kipling Center,5
189,576,2021-09-30,Shipped,7506 Summer Ridge Trail,6
190,376,2018-09-23,Shipped,18 Bellgrove Drive,5
191,978,2023-01-07,Pending,6 Huxley Avenue,9
192,831,2020-02-07,Shipped,782 Forster Avenue,7
193,155,2021-11-19,Delivered,904 Morning Lane,2
194,779,2021-12-21,Pending,266 Maywood Lane,5
195,500,2023-05-16,Delivered,8 Lakewood Gardens Trail,2
196,751,2018-10-28,Shipped,172 Elmside Crossing,4
197,752,2020-01-01,Shipped,9 Old Shore Hill,4
198,960,2019-07-27,Shipped,499 Nova Street,9
199,694,2019-01-21,Pending,3979 Moulton Drive,4
200,853,2021-04-22,Shipped,6706 Dahle Plaza,2
201,569,2021-09-24,Pending,7 Kingsford Point,2
202,168,2020-10-12,Pending,21 Algoma Parkway,5
203,393,2023-07-19,Pending,035 Farmco Point,1
204,409,2018-02-25,Shipped,96 Scott Crossing,9
205,510,2023-03-07,Delivered,0759 Melody Park,8
206,966,2021-11-07,Pending,7301 Loomis Lane,5
207,588,2018-08-22,Pending,85328 Northfield Road,3
208,428,2021-02-03,Delivered,7 Transport Trail,3
209,502,2021-04-29,Delivered,81 Old Gate Way,8
210,172,2020-02-14,Shipped,259 Miller Crossing,8
211,134,2019-08-04,Delivered,5 Troy Place,3
212,990,2022-08-16,Pending,687 Schurz Circle,5
213,198,2019-11-25,Delivered,7 North Center,3
214,210,2019-10-26,Pending,034 Rutledge Hill,1
215,232,2019-03-06,Pending,3 Manitowish Court,8
216,728,2019-10-23,Shipped,33 Shopko Pass,10
217,44,2018-02-12,Delivered,315 Gerald Terrace,7
218,969,2019-05-11,Pending,088 Schlimgen Trail,6
219,961,2022-05-29,Shipped,1161 Doe Crossing Terrace,6
220,341,2020-12-28,Pending,95568 Green Road,1
221,305,2023-05-13,Pending,3992 Florence Crossing,3
222,75,2021-02-17,Pending,57 Bashford Circle,1
223,83,2021-10-27,Pending,097 Milwaukee Street,4
224,28,2019-04-01,Shipped,9 Killdeer Court,8
225,612,2023-06-22,Shipped,799 Di Loreto Hill,6
226,829,2021-08-05,Pending,373 Sloan Hill,6
227,633,2020-12-24,Delivered,08 North Street,9
228,612,2023-03-07,Shipped,4 Bonner Circle,10
229,37,2021-12-10,Shipped,44 Glacier Hill Street,4
230,363,2021-02-28,Shipped,3 6th Park,4
231,616,2023-12-04,Pending,8099 Huxley Junction,6
232,383,2023-04-17,Delivered,52 Barnett Lane,4
233,233,2020-06-16,Pending,8 Upham Lane,10
234,96,2022-04-02,Shipped,7155 Hoepker Pass,5
235,668,2023-03-29,Delivered,60 Stone Corner Drive,6
236,475,2020-03-02,Shipped,60 Clarendon Trail,5
237,44,2018-03-15,Shipped,2505 Reinke Road,10
238,499,2022-03-10,Delivered,91 Namekagon Crossing,10
239,70,2019-01-15,Pending,82625 Leroy Terrace,2
240,435,2022-11-11,Shipped,844 Fuller Circle,4
241,805,2022-08-20,Pending,799 1st Way,9
242,617,2023-03-14,Pending,315 Quincy Avenue,2
243,679,2022-04-30,Shipped,152 Johnson Way,10
244,891,2018-08-25,Shipped,05337 Sloan Parkway,8
245,54,2020-12-05,Pending,03 Annamark Way,8
246,409,2018-12-10,Delivered,30 Mifflin Hill,1
247,212,2021-10-07,Pending,5 Maple Place,4
248,508,2022-04-19,Shipped,6091 Holmberg Center,1
249,347,2018-05-28,Delivered,6016 Anderson Street,6
250,107,2023-09-26,Shipped,941 Swallow Avenue,6
251,197,2019-12-19,Pending,74304 Lerdahl Point,3
252,558,2018-01-24,Pending,5861 Waxwing Street,4
253,370,2020-01-23,Delivered,4828 Helena Parkway,2
254,327,2022-10-02,Shipped,1 5th Place,8
255,368,2020-05-04,Pending,8617 Susan Road,6
256,410,2019-11-28,Delivered,32 Hoffman Crossing,7
257,393,2022-08-13,Delivered,50419 Service Place,8
258,915,2018-08-27,Pending,11 Vidon Court,6
259,230,2021-01-24,Shipped,3390 Raven Way,8
260,229,2022-04-10,Delivered,93 Lighthouse Bay Way,1
261,803,2019-07-11,Delivered,8 Armistice Street,9
262,642,2023-03-27,Pending,16960 Dakota Court,9
263,400,2023-01-04,Pending,783 Clemons Junction,7
264,540,2019-07-11,Pending,0233 Pierstorff Crossing,6
265,127,2022-08-07,Pending,42 Waxwing Way,5
266,482,2022-02-22,Delivered,2 Sloan Point,2
267,97,2020-04-08,Delivered,25 Mcbride Lane,1
268,473,2023-11-10,Delivered,32 Thierer Lane,5
269,631,2018-08-29,Shipped,28467 Barnett Park,10
270,794,2021-12-09,Shipped,241 Helena Terrace,10
271,719,2021-04-23,Shipped,71157 Mayer Court,5
272,325,2018-02-24,Delivered,6 Debs Park,5
273,679,2018-03-27,Pending,52563 Redwing Drive,9
274,956,2019-04-25,Delivered,09716 Eggendart Pass,3
275,490,2019-01-27,Shipped,8188 Service Plaza,10
276,91,2020-08-19,Pending,48627 Washington Way,4
277,375,2021-04-21,Pending,8 Anzinger Lane,7
278,920,2019-07-27,Pending,318 Novick Alley,2
279,325,2020-12-11,Pending,8228 Stang Way,5
280,895,2020-12-14,Shipped,68978 Duke Lane,8
281,493,2019-06-30,Delivered,92 Oak Valley Circle,6
282,442,2021-08-13,Pending,45 Charing Cross Circle,8
283,813,2018-07-01,Pending,2646 Evergreen Point,7
284,109,2018-07-02,Shipped,247 Cambridge Court,3
285,834,2022-05-04,Shipped,59573 Atwood Trail,4
286,140,2019-07-03,Shipped,7 Canary Park,2
287,953,2018-03-09,Shipped,230 Crest Line Drive,6
288,392,2021-01-30,Delivered,4415 Warbler Avenue,5
289,657,2020-05-07,Shipped,3 Anderson Street,4
290,586,2022-07-05,Shipped,54293 Main Parkway,7
291,858,2022-10-12,Shipped,0 Elmside Lane,4
292,843,2019-01-12,Delivered,7 Waxwing Center,7
293,203,2020-11-17,Shipped,35 Commercial Court,9
294,758,2019-10-03,Delivered,87 Arkansas Street,8
295,312,2020-04-22,Shipped,2427 Kings Pass,5
296,280,2021-05-11,Delivered,3 Lindbergh Road,6
297,453,2019-11-04,Pending,478 Linden Center,4
298,292,2021-06-03,Shipped,37872 Di Loreto Plaza,3
299,690,2019-05-07,Delivered,11 Chinook Court,1
300,579,2018-09-06,Pending,30494 Johnson Avenue,4
301,105,2020-10-31,Pending,21 Barnett Point,2
302,440,2021-11-30,Pending,522 Del Sol Road,4
303,514,2021-11-25,Pending,5584 Ruskin Lane,8
304,296,2018-11-28,Delivered,33932 Brickson Park Point,2
305,339,2022-07-19,Delivered,59 Stoughton Park,4
306,266,2018-10-10,Delivered,5098 Eggendart Crossing,9
307,645,2021-07-29,Delivered,861 Myrtle Hill,6
308,544,2022-03-14,Shipped,42464 Petterle Hill,9
309,689,2018-03-29,Shipped,4 Dakota Road,7
310,726,2022-01-17,Pending,67 Lakewood Gardens Hill,3
311,359,2023-11-04,Delivered,81 Hanover Way,8
312,934,2019-12-29,Pending,46 Petterle Pass,2
313,31,2021-12-18,Pending,658 Merchant Plaza,4
314,956,2023-01-28,Delivered,56229 Shopko Crossing,10
315,491,2018-07-18,Shipped,0 Butternut Hill,5
316,113,2018-10-12,Pending,5813 Springview Park,3
317,493,2021-03-01,Pending,47 Crest Line Crossing,3
318,872,2018-03-14,Delivered,21919 Thackeray Lane,8
319,152,2020-03-03,Delivered,88383 Stang Pass,4
320,633,2023-06-05,Shipped,80238 Buena Vista Junction,8
321,672,2019-06-06,Pending,027 Ramsey Plaza,8
322,339,2018-05-22,Pending,2 Corry Avenue,2
323,677,2022-06-03,Pending,0 Warner Crossing,7
324,401,2020-06-19,Delivered,81 Bobwhite Point,4
325,469,2022-02-03,Shipped,5 Hoffman Court,10
326,711,2021-11-14,Shipped,1308 Arrowood Road,8
327,171,2022-07-08,Shipped,366 Hagan Plaza,7
328,102,2020-07-24,Shipped,00367 Shelley Plaza,2
329,783,2018-01-29,Shipped,3118 Pierstorff Court,2
330,438,2018-11-06,Shipped,630 Westport Circle,9
331,404,2022-04-05,Pending,3767 Clyde Gallagher Junction,2
332,759,2021-03-10,Delivered,86 Sutteridge Avenue,10
333,76,2020-08-18,Pending,1 Utah Drive,6
334,367,2021-09-10,Shipped,3207 Westport Drive,7
335,863,2023-08-29,Pending,0 Crescent Oaks Plaza,1
336,394,2019-09-06,Pending,24032 Vera Alley,3
337,309,2020-08-09,Pending,34589 Village Park,9
338,363,2023-01-26,Shipped,38 Heffernan Crossing,1
339,453,2023-02-20,Shipped,82088 Twin Pines Junction,4
340,986,2021-08-02,Shipped,47 Marquette Drive,3
341,391,2022-08-03,Delivered,96999 Sauthoff Terrace,2
342,545,2018-09-08,Pending,13520 Badeau Terrace,10
343,660,2018-04-09,Pending,198 Golf Course Parkway,2
344,437,2021-10-16,Shipped,281 Scofield Park,5
345,726,2021-01-10,Delivered,23 Bunting Parkway,1
346,618,2023-11-16,Delivered,92617 Brown Terrace,1
347,977,2020-06-28,Delivered,92630 Almo Hill,9
348,825,2018-10-02,Delivered,591 Village Crossing,1
349,853,2023-05-14,Shipped,97 Elka Hill,4
350,240,2019-07-12,Shipped,75 American Ash Hill,9
351,746,2018-03-26,Pending,86 Luster Court,10
352,240,2019-09-29,Pending,79 La Follette Parkway,2
353,832,2018-07-03,Pending,491 Sutherland Street,4
354,676,2022-03-20,Pending,2858 Parkside Lane,6
355,341,2019-04-12,Shipped,5 Ronald Regan Avenue,8
356,782,2018-12-16,Delivered,0 Quincy Terrace,9
357,87,2022-03-25,Shipped,37 Hayes Trail,7
358,323,2021-02-15,Delivered,7 Basil Lane,3
359,712,2023-01-09,Shipped,38 Katie Plaza,8
360,319,2021-10-05,Delivered,9311 Badeau Alley,8
361,735,2018-08-21,Shipped,8330 David Terrace,2
362,15,2020-04-27,Shipped,0115 Dottie Junction,7
363,798,2018-11-17,Pending,50239 Talmadge Place,4
364,813,2020-12-14,Pending,867 Cody Court,3
365,116,2023-04-15,Shipped,0 Karstens Junction,2
366,385,2023-07-12,Pending,97 Badeau Alley,5
367,524,2022-08-19,Pending,4929 Springs Road,8
368,1,2022-03-09,Shipped,0 Judy Crossing,4
369,642,2022-05-04,Delivered,344 Veith Trail,5
370,66,2023-02-16,Shipped,4213 Karstens Circle,9
371,95,2022-05-29,Delivered,0 Green Ridge Terrace,10
372,361,2022-09-17,Delivered,449 Elgar Way,6
373,459,2020-09-29,Delivered,7 La Follette Park,6
374,699,2022-08-28,Delivered,374 Annamark Plaza,9
375,843,2020-11-01,Pending,14696 Hauk Park,3
376,450,2022-02-07,Delivered,25 Luster Way,2
377,425,2020-04-01,Pending,70435 3rd Junction,4
378,331,2021-01-22,Pending,8146 Stang Lane,3
379,858,2021-04-25,Shipped,34891 Jenna Street,10
380,635,2021-11-20,Pending,73 Nova Point,10
381,973,2023-08-09,Shipped,859 Dovetail Park,7
382,45,2018-05-04,Shipped,916 Porter Crossing,3
383,619,2018-04-18,Pending,94235 Barby Crossing,3
384,142,2023-04-10,Pending,22 Anderson Street,7
385,748,2022-07-20,Pending,8 Southridge Place,1
386,850,2018-05-04,Delivered,75 Del Mar Junction,10
387,606,2020-01-24,Shipped,74017 Hintze Hill,4
388,2,2020-06-15,Pending,11590 Sloan Avenue,1
389,81,2021-12-05,Pending,81 Montana Alley,9
390,760,2021-09-11,Shipped,02 Village Crossing,7
391,525,2023-07-29,Shipped,26 Dryden Park,5
392,781,2019-04-13,Pending,285 Division Alley,9
393,128,2019-09-14,Pending,4580 Sunbrook Junction,9
394,17,2023-11-05,Delivered,54203 Sutherland Point,9
395,832,2021-12-02,Delivered,90 Dunning Point,1
396,970,2019-01-04,Pending,2 Claremont Crossing,2
397,677,2018-06-03,Pending,21865 Steensland Street,7
398,567,2019-09-27,Delivered,99 Loeprich Way,8
399,271,2020-05-18,Pending,18439 Blaine Terrace,4
400,47,2021-01-05,Shipped,34 Blue Bill Park Junction,3
401,224,2022-09-20,Shipped,09 Crest Line Pass,3
402,862,2021-06-24,Pending,24 Kropf Crossing,6
403,388,2019-04-14,Shipped,7650 Sunbrook Drive,9
404,596,2019-12-09,Pending,7556 Eastlawn Center,4
405,966,2019-07-04,Pending,6 Golf View Point,8
406,841,2020-10-14,Shipped,22580 Troy Pass,2
407,178,2018-03-31,Pending,48731 Brickson Park Pass,9
408,398,2022-01-24,Pending,55 Harbort Pass,3
409,921,2022-01-09,Shipped,57193 Fulton Plaza,2
410,837,2020-02-14,Shipped,7091 Fulton Terrace,5
411,639,2023-11-21,Delivered,82 Mosinee Road,5
412,978,2021-08-04,Pending,04891 Mcguire Lane,4
413,974,2020-05-13,Shipped,703 Goodland Junction,7
414,829,2022-07-20,Pending,46181 Browning Alley,7
415,89,2022-07-03,Shipped,3 Kedzie Center,9
416,642,2020-03-27,Pending,983 Jay Drive,3
417,469,2021-08-21,Delivered,4041 Del Mar Drive,10
418,404,2021-05-16,Shipped,77640 Clove Point,6
419,357,2019-11-19,Pending,9661 Schurz Parkway,2
420,125,2018-09-04,Delivered,8723 Elka Hill,9
421,162,2023-12-20,Delivered,4 Northfield Circle,8
422,931,2021-06-20,Shipped,99 Division Plaza,8
423,138,2019-07-19,Shipped,1953 Thompson Alley,3
424,435,2018-09-09,Shipped,265 Raven Alley,5
425,82,2023-10-02,Shipped,34 Lakewood Gardens Junction,3
426,754,2020-09-28,Pending,95822 Arizona Way,4
427,676,2022-08-13,Pending,652 Sundown Drive,5
428,831,2023-11-28,Pending,5 Brentwood Alley,10
429,743,2023-03-26,Delivered,5493 Laurel Drive,4
430,285,2021-06-16,Shipped,63 David Pass,2
431,330,2019-05-24,Pending,42 Jana Pass,10
432,622,2019-10-18,Delivered,7471 Victoria Road,10
433,381,2022-06-14,Shipped,623 8th Crossing,7
434,14,2019-02-26,Delivered,4994 Stephen Crossing,2
435,315,2021-07-17,Shipped,2 Dottie Lane,10
436,320,2020-09-27,Shipped,2 Service Park,6
437,479,2020-08-28,Pending,382 Summit Road,2
438,624,2021-02-07,Delivered,45 Susan Place,9
439,678,2021-08-12,Pending,764 Declaration Avenue,4
440,407,2018-03-31,Pending,2771 Schmedeman Junction,6
441,907,2018-03-11,Pending,9998 Goodland Terrace,9
442,946,2021-02-16,Delivered,097 Melody Park,10
443,50,2022-08-03,Delivered,5 Londonderry Crossing,1
444,742,2023-02-04,Shipped,3832 Jenifer Way,5
445,653,2022-09-29,Pending,6217 John Wall Pass,8
446,331,2021-12-30,Pending,476 La Follette Street,5
447,25,2018-12-18,Delivered,53746 Sugar Terrace,4
448,573,2021-06-25,Pending,279 Waubesa Point,2
449,359,2022-08-13,Delivered,8 Donald Center,4
450,805,2018-01-27,Shipped,40 Eastlawn Drive,8
451,285,2020-09-03,Shipped,73961 Buena Vista Park,7
452,533,2020-09-17,Shipped,851 Stuart Trail,8
453,733,2022-04-07,Shipped,0 Onsgard Court,9
454,162,2020-09-25,Delivered,7 New Castle Hill,3
455,171,2023-10-16,Pending,34 Bobwhite Court,2
456,736,2019-11-13,Shipped,31 Service Pass,8
457,748,2018-10-23,Shipped,15 Meadow Valley Circle,5
458,767,2019-01-06,Shipped,5 Warrior Crossing,4
459,974,2023-04-05,Shipped,667 Macpherson Road,7
460,585,2022-12-12,Delivered,033 Orin Point,1
461,745,2021-05-28,Delivered,2417 Nelson Street,3
462,222,2020-04-20,Pending,2 Vidon Park,7
463,191,2020-10-09,Shipped,1182 Bobwhite Avenue,9
464,353,2020-11-05,Delivered,86691 Blaine Lane,8
465,35,2022-10-08,Pending,56 Vahlen Place,5
466,668,2020-07-15,Pending,66 Bartelt Court,5
467,730,2023-07-07,Delivered,2 Waywood Way,6
468,770,2019-01-10,Pending,9023 Schurz Park,1
469,373,2021-12-13,Pending,61 Annamark Drive,6
470,897,2019-05-22,Shipped,5 Schlimgen Junction,1
471,59,2018-01-17,Shipped,5 Lakeland Alley,1
472,919,2020-03-03,Shipped,243 Leroy Terrace,2
473,185,2022-12-16,Shipped,3 Sloan Road,8
474,615,2018-08-28,Shipped,553 Orin Avenue,10
475,843,2019-11-09,Delivered,482 Sutherland Center,10
476,240,2022-03-24,Pending,42720 Crest Line Road,6
477,775,2021-03-31,Delivered,24 Blue Bill Park Park,6
478,737,2022-05-24,Pending,3 Schlimgen Street,3
479,57,2022-01-14,Shipped,15914 Muir Point,8
480,963,2023-12-30,Delivered,280 Westerfield Point,4
481,465,2018-05-19,Delivered,00 Park Meadow Hill,6
482,529,2023-04-04,Delivered,01955 Redwing Alley,9
483,303,2022-04-04,Delivered,359 Anthes Lane,3
484,969,2019-01-20,Shipped,519 Randy Point,9
485,77,2023-08-03,Pending,4529 Macpherson Center,10
486,40,2022-10-15,Pending,69 Kings Crossing,8
487,749,2019-11-27,Delivered,6 John Wall Drive,10
488,229,2021-01-28,Pending,968 Rigney Crossing,9
489,947,2020-04-26,Pending,73 South Way,6
490,929,2018-01-19,Pending,6 Sheridan Plaza,3
491,309,2023-04-06,Shipped,8427 Ridge Oak Place,6
492,47,2019-10-26,Delivered,7 Green Circle,1
493,97,2019-01-01,Pending,2 Monica Place,4
494,53,2019-04-02,Shipped,1240 Bellgrove Lane,10
495,942,2018-11-18,Shipped,587 Myrtle Trail,3
496,462,2020-12-29,Shipped,99 Briar Crest Avenue,3
497,282,2020-07-28,Pending,682 Corry Drive,8
498,943,2019-09-07,Pending,8 Hayes Crossing,9
499,631,2022-01-29,Shipped,69 Hanson Street,9
500,312,2021-07-25,Delivered,319 Sachtjen Terrace,6
501,699,2018-06-11,Shipped,4 Monument Court,9
502,330,2022-05-02,Shipped,17085 Forest Run Street,1
503,202,2019-06-25,Shipped,920 Melvin Road,5
504,678,2022-02-06,Delivered,63178 Vermont Hill,1
505,383,2022-11-22,Shipped,71268 Briar Crest Alley,3
506,363,2022-04-18,Pending,988 Elgar Crossing,7
507,416,2021-12-28,Delivered,61 Forest Plaza,5
508,914,2022-10-29,Pending,434 Stuart Place,6
509,972,2021-06-27,Shipped,68 Old Shore Street,5
510,151,2023-11-14,Delivered,2 Division Plaza,5
511,211,2018-11-06,Delivered,08 Mendota Center,10
512,304,2018-02-26,Delivered,345 Sachtjen Center,5
513,822,2021-06-11,Pending,811 Manley Center,9
514,291,2021-01-25,Shipped,1 Heath Street,8
515,727,2022-01-31,Delivered,84086 Blackbird Circle,2
516,772,2019-12-19,Pending,1 East Junction,5
517,548,2019-09-22,Shipped,368 Onsgard Park,10
518,414,2021-12-09,Pending,1164 Melby Place,3
519,570,2019-09-25,Delivered,1 Larry Alley,8
520,311,2021-10-06,Shipped,61 Pleasure Crossing,3
521,433,2023-05-21,Shipped,06821 Ronald Regan Hill,10
522,559,2021-10-25,Shipped,5761 Browning Hill,4
523,222,2020-03-24,Delivered,6 Messerschmidt Pass,4
524,572,2023-10-10,Pending,7688 Trailsway Center,2
525,501,2022-08-27,Pending,0 Truax Avenue,1
526,258,2019-05-15,Pending,0312 Mockingbird Street,6
527,687,2019-03-23,Shipped,14 Stoughton Trail,8
528,389,2023-12-26,Pending,26 Carpenter Alley,10
529,444,2020-11-11,Shipped,7928 Spenser Center,2
530,369,2022-08-26,Delivered,596 Melrose Circle,2
531,462,2021-04-29,Shipped,491 Duke Pass,6
532,109,2019-04-17,Shipped,8 Meadow Valley Park,2
533,878,2020-02-13,Delivered,4 Hudson Junction,8
534,718,2023-09-15,Pending,27835 Karstens Court,8
535,119,2020-12-03,Shipped,85624 Dunning Plaza,4
536,544,2019-06-02,Delivered,9 Kensington Plaza,4
537,794,2020-04-28,Pending,34015 Charing Cross Avenue,10
538,150,2020-02-15,Delivered,2922 Clemons Court,10
539,388,2021-02-08,Pending,7169 Sloan Trail,8
540,257,2023-07-13,Shipped,6397 Warrior Circle,6
541,749,2021-06-26,Shipped,921 Porter Street,2
542,27,2023-05-07,Shipped,14 Susan Road,1
543,233,2018-02-13,Pending,8842 Summit Hill,3
544,498,2022-12-11,Shipped,20613 Di Loreto Court,8
545,253,2021-01-16,Shipped,215 Macpherson Crossing,2
546,963,2018-12-17,Pending,664 Lighthouse Bay Center,6
547,656,2023-07-01,Delivered,541 Mcguire Place,10
548,874,2022-12-04,Pending,428 Longview Road,7
549,380,2023-01-19,Shipped,63 Bellgrove Road,2
550,483,2020-02-27,Pending,7686 Northview Junction,1
551,543,2023-05-04,Delivered,92065 Clove Trail,4
552,301,2022-07-17,Pending,6699 Golf Course Parkway,3
553,150,2021-04-26,Delivered,96192 Columbus Avenue,5
554,374,2020-03-12,Delivered,3 Anhalt Lane,6
555,320,2023-05-19,Pending,2111 West Alley,8
556,627,2020-04-14,Pending,406 Valley Edge Lane,7
557,839,2023-11-09,Shipped,5993 Fairview Terrace,4
558,739,2018-03-27,Pending,4 Glendale Court,3
559,627,2019-02-11,Shipped,3 Hollow Ridge Crossing,9
560,729,2021-02-28,Delivered,248 Haas Lane,2
561,142,2020-05-29,Shipped,05 Bay Place,1
562,291,2023-07-17,Shipped,31 Bonner Point,2
563,682,2022-10-02,Shipped,13 Londonderry Circle,5
564,195,2022-04-19,Delivered,570 Westridge Terrace,7
565,343,2019-01-25,Pending,97142 Daystar Crossing,3
566,539,2021-07-14,Pending,0901 Hoepker Court,8
567,575,2022-10-24,Pending,68 Sutherland Point,3
568,484,2018-03-16,Shipped,5705 Manufacturers Lane,8
569,145,2021-10-10,Pending,119 Moulton Alley,10
570,3,2022-11-18,Shipped,69377 Carioca Place,9
571,87,2018-03-23,Shipped,6 Lindbergh Drive,8
572,646,2023-11-04,Shipped,10153 Lukken Trail,9
573,280,2021-06-04,Delivered,24 Heffernan Pass,6
574,34,2020-04-24,Delivered,564 Anthes Avenue,2
575,801,2023-12-24,Pending,6809 Ludington Pass,7
576,190,2021-03-15,Delivered,47 Morrow Junction,3
577,474,2020-06-27,Pending,27 Victoria Street,2
578,204,2018-12-02,Delivered,91266 Nancy Parkway,1
579,286,2023-02-01,Delivered,7819 Paget Way,2
580,81,2020-01-03,Shipped,2 Jana Trail,3
581,131,2018-03-25,Shipped,9184 Lien Avenue,10
582,94,2018-10-10,Delivered,56773 Barnett Court,6
583,312,2022-03-23,Shipped,53 Mallard Avenue,5
584,681,2021-09-03,Delivered,8 Gerald Hill,7
585,855,2021-11-11,Delivered,3 Canary Lane,4
586,267,2021-11-22,Delivered,079 Sycamore Lane,6
587,347,2019-07-15,Delivered,08555 Montana Plaza,5
588,264,2019-01-16,Shipped,951 Hagan Road,5
589,567,2020-04-11,Delivered,115 Mayer Way,8
590,849,2023-09-02,Delivered,02 Loeprich Place,7
591,496,2020-03-29,Pending,9912 Pine View Street,10
592,346,2019-10-09,Delivered,361 6th Pass,9
593,326,2023-11-02,Pending,9451 High Crossing Park,3
594,271,2021-05-07,Shipped,4623 Green Park,4
595,904,2019-08-26,Delivered,2500 Brown Crossing,2
596,343,2019-07-18,Shipped,71617 Cody Place,4
597,553,2022-12-03,Delivered,24885 Artisan Way,6
598,1,2018-11-23,Shipped,84871 Meadow Valley Lane,6
599,804,2021-01-25,Delivered,05535 Union Road,6
600,710,2021-10-14,Delivered,37974 Brentwood Street,1
601,961,2019-11-25,Pending,4098 Talisman Way,1
602,572,2018-10-15,Delivered,2148 Rowland Way,3
603,748,2019-11-01,Shipped,811 Granby Terrace,6
604,991,2019-07-22,Delivered,9 Talmadge Lane,7
605,164,2021-03-05,Shipped,606 Thompson Road,4
606,462,2018-07-16,Shipped,9097 Almo Place,8
607,890,2022-03-23,Pending,0 Forest Way,10
608,280,2023-04-21,Delivered,1 Ridgeway Court,6
609,536,2021-01-02,Delivered,4600 Montana Road,8
610,395,2018-11-14,Delivered,0 Swallow Avenue,8
611,286,2020-06-04,Delivered,58 Del Sol Plaza,2
612,68,2023-01-18,Pending,8 Maryland Center,7
613,591,2023-09-04,Delivered,9 Bellgrove Court,3
614,533,2022-06-05,Pending,5423 Pine View Street,10
615,692,2020-09-26,Delivered,1 Schlimgen Parkway,4
616,548,2018-05-22,Pending,78550 Petterle Hill,1
617,699,2020-10-08,Pending,009 Elgar Street,1
618,281,2019-11-17,Shipped,51832 Buena Vista Avenue,2
619,111,2020-05-20,Delivered,279 Prentice Alley,2
620,80,2023-07-17,Delivered,629 Maryland Avenue,8
621,951,2021-06-27,Shipped,22801 Kedzie Circle,9
622,237,2021-12-24,Delivered,7464 Eagle Crest Trail,4
623,805,2019-09-15,Shipped,5 Claremont Point,9
624,868,2018-06-09,Pending,0375 Cascade Center,1
625,344,2023-11-16,Shipped,08 Carioca Center,2
626,482,2018-09-10,Delivered,62 Clyde Gallagher Crossing,8
627,700,2021-11-11,Pending,9 Hollow Ridge Pass,6
628,332,2023-02-17,Pending,8 Myrtle Pass,6
629,115,2022-10-06,Shipped,26 Arkansas Street,6
630,474,2018-01-16,Pending,9264 Hooker Alley,2
631,70,2022-08-11,Pending,684 Gina Way,3
632,569,2018-12-24,Shipped,29165 Sloan Alley,8
633,854,2023-10-25,Delivered,8 Crownhardt Plaza,7
634,533,2020-07-22,Pending,95 Iowa Point,4
635,587,2021-08-07,Delivered,8 Cherokee Court,10
636,675,2021-04-26,Pending,59 Arizona Plaza,8
637,316,2020-01-24,Shipped,0027 Buhler Park,3
638,741,2019-10-22,Pending,6803 Stuart Plaza,8
639,965,2021-12-25,Delivered,11 Graceland Alley,2
640,185,2022-08-14,Pending,93372 Forest Avenue,4
641,671,2021-01-16,Delivered,954 Southridge Street,3
642,114,2019-07-01,Delivered,8 Burrows Alley,10
643,739,2018-12-06,Delivered,01537 Fallview Circle,9
644,757,2022-02-03,Pending,6 Merchant Alley,7
645,459,2018-01-23,Pending,7 Huxley Plaza,4
646,273,2021-03-31,Delivered,5 Scofield Crossing,6
647,273,2019-07-31,Delivered,1523 Shasta Place,6
648,392,2022-09-19,Shipped,9 Di Loreto Road,1
649,984,2019-08-17,Shipped,964 Hallows Court,5
650,946,2018-03-17,Pending,0908 Michigan Crossing,3
651,900,2023-07-20,Pending,42 Bowman Lane,8
652,745,2020-05-14,Delivered,7061 5th Center,8
653,388,2021-11-10,Delivered,2 Hanson Way,1
654,52,2019-02-20,Pending,3 Waubesa Drive,6
655,836,2021-06-30,Shipped,34 John Wall Crossing,2
656,206,2019-11-26,Delivered,443 Ridgeway Center,3
657,724,2023-05-15,Pending,49976 Oakridge Hill,8
658,890,2022-03-08,Shipped,90 Graedel Way,3
659,309,2023-10-24,Shipped,034 Fordem Point,6
660,127,2018-01-09,Shipped,0659 Ruskin Hill,6
661,829,2018-11-27,Shipped,788 Stang Avenue,8
662,743,2020-12-27,Pending,3150 Johnson Plaza,5
663,680,2022-04-02,Delivered,515 Montana Court,3
664,926,2018-05-01,Delivered,29 Knutson Drive,4
665,892,2020-06-16,Delivered,9 Superior Circle,8
666,21,2020-02-06,Shipped,76159 Coolidge Way,7
667,883,2020-05-10,Shipped,5982 Grayhawk Lane,8
668,962,2023-08-14,Shipped,720 Weeping Birch Road,3
669,402,2022-11-02,Shipped,70753 Service Pass,7
670,830,2020-02-21,Delivered,8 Ridgeview Road,3
671,314,2022-01-23,Delivered,83416 American Ash Way,5
672,782,2022-07-01,Pending,520 Lien Hill,10
673,689,2020-05-12,Shipped,14 Harper Lane,6
674,582,2022-07-31,Delivered,59451 Golden Leaf Plaza,8
675,793,2023-09-08,Pending,8680 Ludington Way,3
676,963,2023-11-05,Shipped,60 Hintze Way,4
677,137,2022-10-11,Delivered,11577 Forest Dale Park,5
678,193,2023-02-12,Delivered,4727 Village Crossing,7
679,4,2018-05-25,Shipped,8480 Autumn Leaf Point,9
680,649,2021-10-29,Delivered,2965 Ronald Regan Road,7
681,515,2021-06-20,Delivered,20 Knutson Court,8
682,342,2023-05-27,Pending,628 Magdeline Road,1
683,760,2021-12-07,Pending,6 Sheridan Terrace,5
684,424,2019-05-04,Pending,995 John Wall Court,10
685,653,2018-10-20,Pending,4 Ilene Park,4
686,576,2021-12-27,Pending,7 Gateway Parkway,10
687,586,2020-06-24,Delivered,09 Laurel Point,1
688,259,2019-12-21,Shipped,499 Daystar Park,1
689,387,2019-02-22,Pending,57 Donald Point,7
690,889,2020-11-12,Pending,2 Tennyson Trail,10
691,63,2020-03-13,Delivered,13 Gulseth Place,5
692,717,2018-12-16,Delivered,56 Mayer Circle,2
693,799,2022-03-13,Pending,61154 Bobwhite Junction,1
694,280,2021-03-02,Delivered,99195 Rutledge Trail,1
695,90,2023-03-23,Shipped,79 Warner Pass,10
696,336,2022-05-11,Pending,572 Spaight Circle,8
697,266,2018-05-04,Shipped,05 Logan Parkway,8
698,195,2021-11-04,Pending,8340 Algoma Street,4
699,453,2020-10-16,Delivered,0 Judy Plaza,1
700,939,2021-04-16,Shipped,57 Talmadge Road,10
701,462,2021-11-29,Delivered,3 Atwood Terrace,4
702,548,2021-10-17,Delivered,7575 Scott Court,7
703,189,2022-11-26,Shipped,542 Cordelia Way,8
704,27,2023-10-18,Pending,92681 Jenifer Hill,9
705,589,2021-05-02,Delivered,36664 Summerview Hill,1
706,707,2022-01-16,Shipped,4 Heath Crossing,1
707,1,2021-05-13,Delivered,803 Buell Plaza,7
708,680,2018-03-09,Pending,3 American Street,1
709,800,2021-08-03,Shipped,1 South Park,10
710,44,2023-06-07,Delivered,6959 Jana Drive,6
711,917,2023-08-20,Pending,0 Bayside Way,1
712,713,2019-08-11,Shipped,06 Doe Crossing Court,6
713,275,2021-11-24,Shipped,58 West Parkway,7
714,699,2023-05-22,Pending,27856 American Ash Trail,5
715,339,2022-10-26,Delivered,6 Manitowish Parkway,1
716,800,2020-05-01,Pending,6 Bonner Trail,3
717,418,2020-09-11,Pending,35 Linden Place,10
718,569,2020-12-12,Delivered,11 Katie Terrace,2
719,442,2020-04-28,Pending,8 Fairview Point,10
720,698,2020-02-02,Pending,50809 Hooker Pass,2
721,945,2023-05-26,Shipped,4038 Cascade Crossing,3
722,917,2021-12-10,Shipped,401 Orin Center,10
723,200,2023-07-21,Pending,15 Muir Place,8
724,399,2022-02-24,Shipped,27393 Larry Lane,1
725,605,2019-03-23,Shipped,0464 Little Fleur Circle,7
726,359,2021-03-09,Shipped,3839 Namekagon Road,10
727,358,2021-05-29,Shipped,362 Lake View Plaza,6
728,883,2020-07-10,Pending,987 Hooker Hill,7
729,40,2021-01-27,Shipped,00 Dovetail Street,9
730,221,2019-03-08,Pending,1551 Anhalt Circle,6
731,192,2020-11-19,Delivered,422 Moland Trail,8
732,982,2020-08-05,Delivered,4 Gateway Drive,3
733,27,2022-10-08,Shipped,27319 Summer Ridge Center,5
734,469,2020-06-11,Delivered,15964 Lighthouse Bay Crossing,7
735,900,2023-12-17,Pending,0793 Harper Center,8
736,744,2018-02-05,Shipped,81 Ronald Regan Trail,6
737,406,2019-04-01,Shipped,171 Gina Drive,6
738,299,2018-05-16,Pending,897 Calypso Pass,5
739,418,2020-07-23,Delivered,228 Kensington Pass,7
740,5,2019-06-04,Delivered,3789 Novick Hill,7
741,764,2020-02-03,Pending,1202 Hayes Plaza,9
742,882,2019-11-19,Pending,1 Calypso Crossing,5
743,657,2021-05-28,Delivered,4527 Kennedy Junction,4
744,214,2021-02-05,Shipped,7574 Fremont Alley,2
745,375,2018-08-26,Pending,09316 Springview Plaza,3
746,963,2021-03-26,Pending,7 Mendota Street,9
747,554,2021-08-20,Shipped,45833 Green Ridge Lane,7
748,415,2021-08-19,Delivered,1 Waywood Avenue,5
749,309,2023-05-11,Pending,10293 Killdeer Alley,3
750,128,2021-03-01,Pending,81683 Melrose Place,8
751,721,2018-05-20,Shipped,95 Evergreen Junction,10
752,949,2020-10-25,Pending,294 Hollow Ridge Circle,7
753,913,2020-06-24,Pending,3 Northland Parkway,3
754,270,2020-05-09,Shipped,5129 Loomis Avenue,6
755,527,2023-08-16,Delivered,96300 Bultman Alley,3
756,502,2023-05-07,Delivered,06 Lyons Street,1
757,47,2022-01-28,Pending,33791 Park Meadow Way,3
758,97,2018-01-10,Pending,0182 Brown Drive,4
759,647,2020-12-28,Shipped,4 Sloan Center,5
760,973,2018-02-03,Pending,0 Hermina Trail,8
761,539,2018-02-23,Delivered,78 5th Alley,5
762,768,2021-08-18,Pending,34 Di Loreto Point,10
763,707,2021-08-29,Pending,88296 Ilene Court,5
764,71,2023-04-05,Shipped,8879 Hermina Street,3
765,940,2023-07-12,Shipped,0148 Lake View Park,7
766,560,2018-04-29,Delivered,32464 Thompson Avenue,10
767,940,2019-08-01,Pending,13958 Hudson Way,2
768,327,2023-06-22,Pending,264 Express Road,9
769,839,2022-06-11,Delivered,9 Continental Avenue,5
770,978,2021-05-28,Pending,6127 Fremont Terrace,5
771,868,2022-06-05,Pending,95653 Killdeer Pass,7
772,911,2022-01-09,Delivered,29 Marcy Alley,1
773,408,2018-05-13,Delivered,69 Lotheville Pass,8
774,265,2018-04-18,Pending,7849 Northridge Avenue,7
775,468,2023-10-31,Pending,73 Mosinee Trail,10
776,812,2023-05-22,Pending,28 Heffernan Alley,9
777,628,2020-03-12,Shipped,4 Amoth Park,1
778,922,2022-04-22,Pending,50801 Buhler Junction,1
779,390,2020-10-27,Pending,5115 Susan Center,1
780,733,2022-09-20,Pending,98 Utah Street,2
781,709,2020-05-01,Pending,7 School Terrace,8
782,583,2018-10-20,Delivered,0194 2nd Center,9
783,251,2018-11-16,Delivered,6 Lakeland Way,2
784,556,2023-07-10,Pending,82431 Bartelt Plaza,2
785,264,2023-04-13,Delivered,641 Dottie Pass,2
786,769,2023-05-31,Shipped,8 Lukken Pass,7
787,328,2020-09-14,Pending,885 Longview Pass,7
788,846,2020-12-03,Pending,0 Esch Road,7
789,720,2022-05-14,Pending,39 Elgar Lane,5
790,134,2018-10-14,Delivered,3 Namekagon Circle,8
791,843,2022-03-01,Pending,0 Elmside Lane,9
792,670,2023-03-03,Pending,9934 Monterey Lane,3
793,976,2021-01-05,Delivered,0 Coolidge Point,2
794,414,2020-10-13,Delivered,240 Amoth Road,9
795,610,2022-02-11,Delivered,1 Farmco Road,9
796,769,2023-11-30,Pending,0262 Summit Drive,4
797,79,2020-03-28,Pending,6 Mayer Street,10
798,771,2019-11-24,Delivered,1 Commercial Hill,2
799,347,2023-08-25,Delivered,8 Bluejay Lane,1
800,814,2018-11-30,Delivered,45 Boyd Pass,9
801,504,2019-03-18,Shipped,310 Clove Trail,9
802,24,2020-01-03,Shipped,4 Blue Bill Park Pass,7
803,857,2022-02-09,Pending,4135 Aberg Point,2
804,271,2023-10-14,Delivered,5 Anzinger Point,6
805,927,2023-01-02,Delivered,8731 Grasskamp Circle,10
806,594,2018-03-20,Shipped,7 Parkside Junction,4
807,443,2018-07-20,Pending,050 Comanche Avenue,10
808,730,2022-10-04,Pending,9 Clyde Gallagher Court,7
809,691,2020-03-06,Shipped,4 Killdeer Circle,10
810,833,2018-05-17,Delivered,77532 6th Parkway,7
811,489,2022-10-26,Pending,9113 Oakridge Plaza,6
812,733,2020-06-02,Pending,3 Pennsylvania Park,7
813,11,2021-02-08,Pending,07113 Southridge Pass,10
814,913,2018-11-12,Shipped,53504 Old Gate Way,1
815,64,2022-04-13,Delivered,2169 Graedel Junction,3
816,128,2021-03-04,Delivered,5725 Annamark Junction,5
817,410,2023-03-14,Delivered,0533 Porter Terrace,2
818,81,2022-04-27,Shipped,497 Elgar Trail,7
819,197,2018-04-16,Delivered,2 Sugar Street,8
820,378,2021-02-04,Pending,297 Clove Trail,7
821,114,2022-06-01,Shipped,4 Ramsey Drive,3
822,859,2023-06-07,Pending,41 Village Hill,2
823,803,2022-07-11,Pending,8438 Sachtjen Point,5
824,593,2020-04-16,Delivered,75902 Mockingbird Drive,9
825,969,2020-10-01,Pending,2918 Fordem Alley,9
826,284,2018-06-07,Shipped,702 Bunker Hill Pass,1
827,43,2021-09-24,Shipped,3533 Old Gate Terrace,7
828,329,2019-07-06,Pending,7 Thompson Parkway,4
829,228,2023-03-04,Pending,34 Reinke Court,3
830,756,2022-02-05,Shipped,2 Ruskin Court,1
831,733,2019-10-15,Pending,80 Esker Place,2
832,716,2022-11-11,Delivered,0 Kinsman Lane,10
833,746,2022-05-31,Pending,49575 Texas Park,4
834,50,2023-10-01,Shipped,0 Montana Avenue,4
835,578,2019-07-03,Delivered,78 Hansons Drive,7
836,600,2019-10-01,Delivered,303 Bartillon Alley,7
837,525,2018-02-05,Pending,44 Bowman Way,2
838,234,2023-12-23,Pending,45554 Cardinal Crossing,10
839,683,2019-09-23,Shipped,123 Jay Place,4
840,413,2021-08-24,Delivered,0 Blackbird Park,6
841,368,2023-01-23,Shipped,003 Namekagon Trail,4
842,879,2020-07-03,Delivered,13087 Carioca Parkway,8
843,80,2018-12-29,Shipped,65717 Dahle Center,7
844,107,2019-04-02,Delivered,3 Anhalt Crossing,3
845,235,2019-01-02,Pending,451 Scoville Point,7
846,932,2019-07-03,Pending,6 Lunder Park,5
847,589,2022-10-05,Shipped,2 Summerview Pass,2
848,8,2019-12-30,Delivered,299 La Follette Road,1
849,187,2020-06-11,Shipped,2 Burrows Park,1
850,702,2021-07-07,Shipped,45 Laurel Trail,3
851,127,2020-09-03,Shipped,50894 Nova Trail,10
852,732,2020-02-21,Pending,49 La Follette Pass,9
853,621,2019-12-02,Shipped,0 Schmedeman Road,6
854,683,2023-04-16,Shipped,47 Marcy Park,6
855,139,2018-06-17,Shipped,2782 Sachtjen Lane,3
856,110,2022-04-19,Shipped,659 Harper Parkway,9
857,907,2018-11-12,Pending,236 Delladonna Hill,10
858,700,2022-01-08,Shipped,4140 Sachs Drive,3
859,869,2019-10-07,Shipped,2678 Schiller Parkway,7
860,849,2022-02-11,Delivered,83 Warner Drive,4
861,270,2018-01-20,Delivered,48665 Pankratz Way,5
862,760,2022-04-15,Pending,0190 6th Park,10
863,616,2019-10-04,Pending,2227 Bashford Place,3
864,512,2020-09-25,Delivered,4384 American Ash Junction,4
865,633,2022-09-22,Delivered,6102 Lakewood Circle,2
866,954,2022-02-25,Pending,373 Clove Avenue,1
867,927,2019-01-29,Pending,46 Colorado Street,5
868,418,2021-04-10,Shipped,6 Veith Way,6
869,941,2020-07-04,Shipped,1 Hermina Road,4
870,496,2018-09-21,Shipped,6 Monterey Circle,7
871,680,2022-06-28,Shipped,2 Sutherland Pass,8
872,50,2021-06-26,Delivered,97 Ryan Drive,6
873,877,2020-09-28,Delivered,03 Sutteridge Trail,6
874,135,2018-12-28,Pending,32115 Bunting Circle,2
875,691,2019-11-04,Shipped,02776 Chinook Parkway,4
876,527,2023-08-21,Delivered,77 Autumn Leaf Place,2
877,644,2022-01-05,Shipped,0935 Hovde Circle,8
878,546,2022-10-27,Delivered,04 Leroy Street,4
879,753,2022-11-29,Delivered,12 Chinook Point,5
880,101,2020-10-02,Pending,02 Melody Hill,3
881,854,2022-03-09,Shipped,5 Carioca Center,3
882,807,2018-08-07,Shipped,9 Mccormick Way,2
883,168,2020-11-01,Delivered,253 Truax Parkway,10
884,531,2020-08-12,Shipped,1 Dennis Pass,10
885,337,2023-08-14,Pending,35911 Sachs Parkway,3
886,522,2021-02-19,Delivered,04 Hanson Trail,1
887,301,2022-07-13,Pending,03 Lyons Court,9
888,60,2023-08-15,Pending,23134 Loeprich Place,3
889,30,2019-08-14,Shipped,7944 Crest Line Point,1
890,651,2019-01-26,Delivered,53004 Ronald Regan Avenue,7
891,322,2023-05-02,Shipped,16 Thompson Way,2
892,554,2022-09-21,Delivered,91 Packers Terrace,10
893,891,2023-10-10,Delivered,1 Heath Terrace,10
894,392,2021-08-20,Pending,14 Pierstorff Crossing,2
895,998,2020-05-31,Shipped,34 Hayes Parkway,5
896,687,2023-04-06,Shipped,68 Pine View Terrace,7
897,629,2023-03-09,Delivered,64 Cody Alley,8
898,549,2019-05-15,Shipped,399 Ramsey Avenue,4
899,734,2021-04-25,Delivered,58236 4th Park,7
900,981,2022-01-03,Shipped,01 Rusk Way,4
901,724,2019-01-17,Pending,91 Jenifer Park,2
902,178,2018-06-06,Pending,47348 Northwestern Plaza,10
903,756,2021-04-08,Pending,734 Lunder Avenue,7
904,123,2022-10-13,Shipped,3 Browning Parkway,3
905,44,2020-04-09,Delivered,119 Montana Place,4
906,927,2021-08-19,Pending,14746 Stuart Road,3
907,58,2019-08-02,Delivered,5 Karstens Hill,1
908,346,2018-05-15,Shipped,86944 Forest Dale Trail,2
909,939,2023-04-02,Shipped,269 Texas Street,10
910,521,2018-06-14,Pending,112 Colorado Alley,6
911,138,2021-05-08,Delivered,3 Hudson Circle,7
912,952,2022-05-18,Pending,56 Marcy Center,2
913,50,2019-03-24,Pending,4 Marquette Road,1
914,577,2018-05-18,Pending,9 Muir Way,2
915,880,2018-12-06,Delivered,762 Debs Street,10
916,744,2018-07-27,Delivered,99 Utah Center,7
917,454,2022-12-07,Shipped,225 Morrow Way,1
918,819,2020-07-03,Delivered,4 Anderson Alley,4
919,139,2022-01-21,Shipped,16 Westend Junction,8
920,337,2021-10-31,Pending,4 Shasta Point,2
921,107,2018-11-27,Delivered,33317 Alpine Alley,2
922,84,2018-05-20,Shipped,59375 Springs Pass,10
923,276,2023-02-16,Shipped,839 Twin Pines Lane,2
924,274,2019-03-18,Delivered,917 Village Green Point,6
925,117,2020-08-27,Delivered,6523 Oxford Trail,10
926,102,2022-02-25,Delivered,65 Eagle Crest Trail,6
927,625,2021-04-21,Delivered,469 Merchant Circle,5
928,470,2022-08-15,Pending,5251 Blaine Street,4
929,204,2023-02-12,Shipped,9396 Dorton Terrace,2
930,519,2018-04-22,Pending,1057 Blue Bill Park Junction,1
931,359,2018-02-14,Delivered,6 Buhler Circle,3
932,172,2022-03-17,Delivered,99 Namekagon Center,7
933,379,2018-01-14,Pending,26 Lakeland Court,6
934,505,2019-08-22,Delivered,3517 Grover Pass,2
935,731,2021-04-03,Shipped,1188 Loomis Plaza,7
936,71,2018-05-05,Pending,16 La Follette Hill,5
937,550,2023-11-13,Delivered,16 Sutherland Lane,7
938,88,2023-12-26,Delivered,56130 Bluejay Park,1
939,312,2021-11-26,Pending,20489 Ridge Oak Circle,6
940,573,2018-07-21,Delivered,5243 Bay Drive,4
941,393,2018-05-10,Shipped,17 Burrows Center,6
942,54,2019-07-12,Shipped,1215 Westend Plaza,7
943,795,2020-02-04,Shipped,235 Dwight Pass,5
944,638,2018-09-26,Shipped,3 Vera Circle,3
945,539,2021-07-11,Shipped,08380 Pearson Lane,5
946,70,2021-12-16,Shipped,01 Shoshone Point,2
947,950,2020-05-11,Shipped,1848 Commercial Pass,7
948,493,2018-02-27,Pending,5 Goodland Parkway,7
949,211,2021-08-04,Pending,963 Tony Avenue,5
950,966,2020-06-10,Delivered,82 Acker Junction,9
951,37,2022-09-05,Shipped,7446 Meadow Ridge Lane,6
952,97,2019-09-11,Shipped,8 Bonner Park,3
953,863,2022-07-16,Pending,52 Merchant Lane,4
954,47,2018-10-31,Shipped,341 Luster Trail,7
955,409,2018-12-01,Pending,70 Golden Leaf Street,4
956,762,2020-11-11,Pending,768 Melby Alley,1
957,823,2022-02-16,Pending,7841 Vahlen Crossing,7
958,559,2020-10-09,Delivered,14 Northridge Center,1
959,894,2023-05-28,Pending,4541 Maple Wood Road,1
960,669,2021-04-24,Pending,24124 Brentwood Avenue,5
961,459,2022-11-03,Shipped,712 Schmedeman Plaza,2
962,830,2020-07-15,Shipped,3050 Victoria Center,7
963,317,2019-09-25,Pending,452 Forest Dale Park,9
964,6,2023-01-12,Pending,37316 Knutson Place,4
965,872,2023-01-23,Delivered,53312 Burning Wood Road,1
966,627,2018-11-06,Delivered,35 Jenifer Place,10
967,360,2020-03-20,Delivered,4 Myrtle Plaza,5
968,351,2023-05-14,Delivered,6127 Elka Court,1
969,30,2021-05-28,Pending,284 Larry Park,2
970,843,2018-05-18,Delivered,15 Thierer Alley,1
971,856,2021-07-18,Delivered,89 Vidon Street,8
972,191,2022-08-03,Shipped,697 Sommers Parkway,7
973,144,2020-11-15,Shipped,14 Onsgard Terrace,2
974,788,2019-03-03,Shipped,1 Sugar Way,6
975,636,2023-05-16,Delivered,92743 Novick Pass,4
976,128,2020-12-06,Pending,539 Oak Drive,10
977,217,2021-06-24,Shipped,5047 Stone Corner Road,6
978,983,2023-03-01,Pending,6 Straubel Court,2
979,117,2018-08-13,Delivered,051 Weeping Birch Way,7
980,21,2022-12-01,Shipped,169 Towne Parkway,4
981,669,2019-07-09,Delivered,1740 Troy Junction,1
982,601,2021-09-16,Pending,25 Farragut Place,4
983,692,2021-04-23,Pending,5596 Prairieview Park,2
984,564,2019-01-30,Shipped,4811 Thompson Plaza,2
985,199,2018-06-10,Shipped,783 Dayton Street,2
986,382,2021-04-28,Delivered,7164 Commercial Street,6
987,311,2023-03-16,Shipped,24 Monument Junction,7
988,640,2021-06-01,Shipped,4 Maywood Lane,5
989,538,2019-03-25,Shipped,8 Forest Dale Trail,9
990,241,2018-08-08,Pending,9445 Scott Parkway,3
991,673,2021-07-04,Pending,42 Springview Parkway,5
992,649,2023-04-24,Delivered,4484 Buhler Plaza,8
993,87,2022-11-29,Delivered,77613 Bashford Terrace,4
994,383,2023-05-24,Pending,8099 Butternut Road,1
995,303,2020-09-24,Shipped,2 Barnett Point,2
996,650,2023-09-15,Pending,54737 Petterle Way,10
997,774,2019-03-20,Shipped,479 High Crossing Junction,5
998,94,2020-02-01,Delivered,16 Bunting Crossing,5
999,823,2023-05-15,Pending,8809 Shasta Circle,7
1000,317,2019-04-22,Pending,88471 Swallow Alley,9
